{
  "project_info": {
    "project_number": "402184265320",
    "project_id": "gabi-ispit",
    "storage_bucket": "gabi-ispit.appspot.com"
  },
  "client": [
    {
      "client_info": {
        "mobilesdk_app_id": "1:402184265320:android:50818e4b8b4248b374a5dd",
        "android_client_info": {
          "package_name": "ba.sum.fpmoz.gabrijela.djopa.pma"
        }
      },
      "oauth_client": [
        {
          "client_id": "402184265320-4q7gskd8ulqmv1apkllehglg67qe6r1d.apps.googleusercontent.com",
          "client_type": 3
        }
      ],
      "api_key": [
        {
          "current_key": "AIzaSyBjns15ymBcTtzaSRjgWK0a1D-46HesraQ"
        }
      ],
      "services": {
        "appinvite_service": {
          "other_platform_oauth_client": [
            {
              "client_id": "402184265320-4q7gskd8ulqmv1apkllehglg67qe6r1d.apps.googleusercontent.com",
              "client_type": 3
            }
          ]
        }
      }
    }
  ],
  "configuration_version": "1"
}